retailer,raw_category,raw_subcategory,subcategory_is_null,record_count,sample_product_1,sample_product_2,sample_product_3,canonical_category,canonical_product_type,mapping_status,notes
Nandilath G Mart,Air Conditioners,Air Coolers,False,2,Voltas 26L Personal Air Cooler (JOY 26),"Vguard 25 L Air Cooler, 4 way air deflection (WINDZY T25H)",,Air & Cooling,Air Cooler,mapped,
Nandilath G Mart,Air Conditioners,Inverter AC,False,34,"DAIKIN 1.0 Ton 5 Star WIFI Series Inverter Split AC ,2026 Model (FTKR35XV16VAA)","Godrej J Series 1 Ton 5 Star 5-in-1 convertible Inverter Split AC (AC 1.0T TR HIC 12J5TG WA, White)","LG 1 Ton 5 Star AI Convertible 6-in-1 Inverter Split AC, 3.5 kW, 2026 Model (AS-Q14ENZE)",Air & Cooling,Air Conditioner,mapped,
Nandilath G Mart,Fan,Ceiling Fan,False,32,Luker Size Zero Crown BLDC Fan 32W Ceiling Fan( Black Copper Finish),Luker Size Zero Neo BLDC 32W Ceiling Fan 1200MM (Black),Luker Size Zero Crown Glow BLDC 32W Ceiling Fan with 3 Mode Underlight ( Black Copper Finish),Air & Cooling,Ceiling Fan,mapped,
Nandilath G Mart,Fan,Pedestal Fan,False,4,V-Guard FINESTA NEO HSP Pedestal Fan (Orange Black),V-Guard GLADO STS Pedestal Fan (Orange Black),V-Guard GLADO STS Pedestal Fan (Black),Air & Cooling,Pedestal Fan,mapped,
Nandilath G Mart,Fan,Wall Fan,False,6,"Havells Girik Neo Wall Fan 400 mm, Black","V-guard Glado STD 55W Wall Fan, Black","V-guard Glado STD 55W Wall Fan, White Blue",Air & Cooling,Wall Fan,mapped,
Nandilath G Mart,Home Appliances,Battery,False,4,V-guard VT 165S Inverter Battery,V-guard VT 220 Inverter Battery,V-guard VJ 145 Inverter Battery,Power & Backup,Battery,mapped,
Nandilath G Mart,Home Appliances,Inverters,False,2,V-Guard Prime 1550MILI 1300VA Inverter,Inverter V-Guard Smart 1350,,Power & Backup,Inverter,mapped,
Nandilath G Mart,Home Appliances,Stabilizer,False,14,Vguard Stabilizer Crystal 150 | Smart/LED TV up to 203 cm (80 Inch),V-guard Stabilizer Neo crystal (LED TV up to 43 Inch+Set Top Box),Stabilizer Vguard VG50 (One Refrigerator Up to 300 L),Power & Backup,Voltage Stabilizer,mapped,
Nandilath G Mart,Home Appliances,Vacuum Cleaner,False,11,Philips 1900W PowerPro Compact Bagless Vacuum Cleaner (FC9351/01),Eureka Forbes Smartclean Robotic Vacuum Cleaner with Fully Automatic Cleaning Station,Eureka Forbes Smartclean Auto Bin S2 Robotic Vacuum Cleaner,Home Appliances,Vacuum Cleaner,mapped,
Nandilath G Mart,Home Appliances,Water Heaters,False,13,Crompton 6L Versa DLX Storage Water Heater (White),"Havells 3L Instant Water Heater (Zeno, White Brown)","Havells 6L Horizontal Storage Water Heater (Fabia Prime H, White Blue)",Home Appliances,Water Heater,mapped,
Nandilath G Mart,Home Appliances,Water Purifiers,False,4,"LG 8L RO+UV+Mineral Booster Water Purifier, Steel Tank (WW155NTB, Solid Black)","LG 8L RO Water Purifier, Stainless Steel Tank, Digital Sterilizing Care (WW132NF, Solid Black)","LG 8L RO+Mineral Booster Water Purifier with Steel Tank (WW146RTLC, Crimson Red)",Home Appliances,Water Purifier,mapped,
Nandilath G Mart,Home Audio,Home Theater,False,7,"Sony 4.1ch Home Theatre Speaker with 100w Power Output and Powerful Subwoofer, Bluetooth, USB, AUX, Remote Control (SA-D40M2)","Samsung B-series 370W 3.1ch Soundbar with Q-Symphony (HW-B650F, Black)",Sony BRAVIA 5.1ch 1000 W Home Theatre System (HT-S60),Home Audio,Home Theater,mapped,
Nandilath G Mart,Home Audio,Sound Bars,False,9,"Samsung B-series Soundbar 300W 2.1ch with HDMI ARC (HW-B450F, Titan Black)",Impex BoomBar DK100 30W Soundbar,"Samsung B-series 370W 3.1ch Soundbar with Q-Symphony (HW-B650F, Black)",Home Audio,Soundbar,mapped,
Nandilath G Mart,Home Audio,Speakers,False,1,"LG XBOOM Deep Bass, Powerful Sound, Karaoke Bluetooth Party Speaker (RNC5)",,,Home Audio,Speaker,mapped,
Nandilath G Mart,Kitchen Appliances,Air Fryer,False,13,Crompton 5.5L Ameo Pro Air Fryer(Black),"Haier 5L Air Fryer with 3 D Hot Circulation(HAF-D503B,Black)",Crompton 4.2L Ameo Air Fryer (Black Gold),Kitchen Appliances,Air Fryer,mapped,
Nandilath G Mart,Kitchen Appliances,Blender and Juicers,False,5,Crompton Ameo Blend 400W Nutri blender Smoothie Maker,Havells Nutri Power Blender 350W Mixer Grinder (Black),Havells 300W Numixo Hand Mixer (Black),Kitchen Appliances,Blender & Juicer,mapped,
Nandilath G Mart,Kitchen Appliances,Chimney,False,13,Hafele 90cm Renata Curved Wall Mounted Chimney,Hafele T60 Renata Wall Mounted Chimney,Carysil Ciaz 75 cm Kitchen Chimney,Kitchen Appliances,Chimney,mapped,
Nandilath G Mart,Kitchen Appliances,Cook Hob,False,6,Hafele 78cm 3 Burner Altius Plus 378 fully Sealed Hob,"Faber Hob 3 Burner Auto-Ignition (Della HD783 CI AI, Matt Finish)",Pureflames 78cm 3 Burner Hob (SERA 70),Kitchen Appliances,Hob,mapped,
Nandilath G Mart,Kitchen Appliances,Cooktop,False,25,"Preethi Alya 3 Burner Glass Top Gas Stove ,Manual Ignition (GTS413)","Preethi Silverin 3 Burner Glass Top Gas Stove, Manual Ignition(GTS426)","Preethi Silverin 2 Burner Glass Top Gas Stove, Manual Ignition(GTS425)",Kitchen Appliances,Gas Stove,mapped,Sample is a gas stove; check whether Cooktop also has hobs
Nandilath G Mart,Kitchen Appliances,Cookware,False,13,Pressure Cooker Prestige Popular Svachh SS3L(20172),Pressure Cooker Prestige DeluxAlphaSvachhSS6.5L(20252),Pressure Cooker Prestige NakshatraAlphaSvachhSS2.0L(20244),Other Kitchen & Home,Other Kitchen & Home,mapped,"Non-electric, per decision"
Nandilath G Mart,Kitchen Appliances,Dishwasher,False,11,"Toshiba 14 Place Settings Dishwasher With 6 Wash Programme (DW-14F1IN(S)-1,Silver)","Midea 13 Place Setting Freestanding Dishwasher, iOT Enabled (MDWPF1301(SS)-WG, Silver)","LG Dishwasher, TrueSteam, 15 Place Setting, QuadWash, LG’s EasyRack, Wi-Fi, Auto Open Door (DFB335HM, Matte Black)",Kitchen Appliances,Dishwasher,mapped,
Nandilath G Mart,Kitchen Appliances,Gas stove,False,8,"Prestige Svachh Glass Top Gas Stove with Liftable 2 Burners (GTSB-02,Black)","Prestige Svachh Neo Toughened Glasstop Gas Stove with Liftable 2 Burners (GTSN 02, Black)",Gas Stove Greenchef Economy SS2B,Kitchen Appliances,Gas Stove,mapped,
Nandilath G Mart,Kitchen Appliances,Induction cooker,False,9,Prestige PIC 15.0 Plus 1900 Watts Induction Cooktop (Black),"Havells 2000 W Induction Cooker (Cook Pro TC 20, Black)",V-guard 2000 W Induction Cooker VIC250V2,Kitchen Appliances,Induction Cooker,mapped,
Nandilath G Mart,Kitchen Appliances,Kettle,False,2,Faber 1.8 L Electric Kettle With Stainless Steel Body (FK 1.8L SS),Kettle Prestige PKOSS1.5L(41587),,Kitchen Appliances,Electric Kettle,mapped,
Nandilath G Mart,Kitchen Appliances,Microwave Oven,False,23,"IFB 25 L Convection Microwave Oven with Dual Heaters and 360° Convection (IFB 25BC3, Black)","Haier 30L Convection Microwave Oven with In-built Air Fryer Function (HIL3001ARSB, Black)","LG 20 L Microwave Oven Grill with Glass Door, i-wave technology, Quartz Heater, Anti-Bacterial Cavity (MH2044DB, Black)",Kitchen Appliances,Microwave Oven,mapped,
Nandilath G Mart,Kitchen Appliances,Mixer Grinders,False,48,Prestige Endura Pro 1000 Watt Multi Functional Mixer Grinder With 6 Jars with Food Processing Attachments,Preethi Blue Leaf Titanium 1000W Mixer Grinder 7 Jars (MG-281),Crompton Ameo Blend 400W Nutri blender Smoothie Maker,Kitchen Appliances,Mixer Grinder,mapped,
Nandilath G Mart,Kitchen Appliances,Soda Maker,False,4,Mr Butlers Soda Maker ItaliaOrange,Mr Butlers Soda Maker ItaliaLionBlue,Mr Butlers Soda Maker ItaliaWhite,Kitchen Appliances,Soda Maker,mapped,
Nandilath G Mart,Kitchen Appliances,Wet Grinders,False,4,Tab Top Grinder Elgiultra Grindplusgold2L,Preethi 2L Wet Grinder WG 905,Preethi 2L Wet Grinder WG 907,Kitchen Appliances,Wet Grinder,mapped,
Nandilath G Mart,LED TV,Non-Smart LED TV,False,2,MR Pearl 80 cm (32 inches) HD Ready Non Smart LED TV,"Gadzo 80 cm (32 inches) HD Ready LED TV (PX32,Black)",,Televisions,Television,mapped,Smart vs non-smart becomes an attribute later
Nandilath G Mart,LED TV,Smart LED TV,False,101,"LG 139cm (55 Inch) OLED evo AI 4K Smart TV with α11 AI Processor Gen3, with Dolby Vision & Atmos (OLED55C6PLA)",Samsung 80cm (32 Inch) HD Smart Led TV (UA32H4610FUXXL),Haier M70 Series 164cm (65 Inch) MiniLED AI Smart Google TV | 2.1 Ch with Subwoofer | Gaming 120Hz (65M70UH),Televisions,Television,mapped,
Nandilath G Mart,Laptop,Laptop,False,3,ASUS Vivobook 16 X1607CA-MB142WS (CU5-225H/16GB/512GBSSD/16WUXGA/W11/MSO/COOL SILVER),ASUS Vivobook 15 AMD Ryzen 5 150 Processor M1502NAQ-BQ119WS (16GB/512GBSSD/15.6FHD/WIN11/FINGERPRINT/MSO/SILVER),HP 13th Gen Intel Core i3-1315U Laptop 15-fd0624TU (8GB/512GB SSD/15.6 FHD/WIN 11/MSO/SILVER),Computers,Laptop,mapped,
Nandilath G Mart,Mobiles & Laptops,Accessories,False,1,"Bosch 641 L 2 Star Series 6 Frost Free Double Door Refrigerator (KDN86AID0I, Brushed steel)",,,,,unmapped,Misfiled: sample is a refrigerator
Nandilath G Mart,Mobiles & Laptops,Smart Phones,False,83,"Redmi Note 17 5G (8GB RAM/128GB Storage, Arctic Blue)","Redmi 15C 5G (6GB RAM/128GB Storage, Moonlight Blue)","Redmi 15C 5G (6GB RAM/128GB Storage, Dusk Purple)",Mobiles & Tablets,Mobile Phone,mapped,
Nandilath G Mart,Printer,Printer,False,1,HP All-in-One Printer (Smart Tank 585),,,Computers,Printer,mapped,
Nandilath G Mart,Refrigerators,Commercial Refrigerators,False,2,"Godrej 405 L 4 Star Convertible Double Door Chest Freezer (DH ESNCH 430D 2HCLP RW, Royal White)","Godrej 302 L 4 Star Convertible Double Door Chest Freezer ( DH ESNCH 330D 2HCLP RW, Royal White)",,Large Appliances,Commercial Refrigerator,mapped,
Nandilath G Mart,Refrigerators,Multi Door,False,62,"Godrej 436 L 1 Star Convertible Frost Free Double Door Refrigerator (RT EONREGALIS 477AN RCI MT BK, Matt Black)","Godrej 330 L 2 Star Convertible Frost Free Double Door Refrigerator (RT EONVIBE 366BN RCIT MT BK, Matt Black)","Godrej 272 L 2 Star Frost Free Double Door Refrigerator (RT EONCRYSTAL 310BN RI OB, Onyx Black)",Large Appliances,Refrigerator,mapped,Door style becomes an attribute later
Nandilath G Mart,Refrigerators,Side by side,False,27,"Kelvinator 562L Side by Side Refrigerator (KRS-1570RNVHST, Hairline Silver)","Bosch 503 L French Door Bottom freezer Refrigerator (KCP88E256I, Blue)","LG 650L 3 Star Convertible Side-by-Side Refrigerator, Multi-Air Flow, Smart Diagnosis (GL-B257JPZ3, Shiny Steel)",Large Appliances,Refrigerator,mapped,Door style becomes an attribute later
Nandilath G Mart,Refrigerators,Single Door,False,15,"Haier 190L 5 Star Direct Cool Single Door Refrigerator with Base Drawer (HRD-2115PWGA-N, Wave Glass)","LG 185 L 5 Star Single Door Refrigerator with Base Stand Drawer, Smart Inverter Compressor​, Fast Ice Making (GLD1956ZABW​, Blue Waterlily)","LG 185 L 5 Star Single Door Refrigerator with Base Stand Drawer, Smart Inverter Compressor​, Fast Ice Making (GLD1956ZARW​, Red Water Lily)",Large Appliances,Refrigerator,mapped,Door style becomes an attribute later
Nandilath G Mart,Washing Machines,Clothes Dryer,False,3,"LG 9 kg Front Load Fully Automatic Clothes Dryer with Dual Inverter Heat Pump, EcoHybrid Technology (DHV09SAB, Black Steel)","Bosch 9 kg Series 4 Front Load Fully Automatic heat pump Tumble Clothes Dryer (WQG2420RIN, Cast iron grey)","Bosch 9 kg Series 4 Front Load Fully Automatic condenser tumble Clothes dryer (WPG24108IN, Silver inox)",Large Appliances,Clothes Dryer,mapped,
Nandilath G Mart,Washing Machines,Front loading,False,55,"Godrej 7 KG 5 Star Full Automatic Front Load Washing Machine, Rpm 1000 (WFEON CRS 7010 5.0 FKEDM FL GR)","Godrej 8 KG 5 Star Full Automatic Front Load Washing Machine, 1400 Rpm (WFEON RGL 8014 5.0 IDCRM Mettalic Black)","IFB DeepClean 11 kg 5 Star Fully Automatic Front Load Washing Machine with Ai Dos, RPM 1400 (Executive Plus VSG 1114, SUS VCM)",Large Appliances,Washing Machine,mapped,Load type becomes an attribute later
Nandilath G Mart,Washing Machines,Semi Automatic,False,21,"Bosch 8 kg Series 2 Semi automatic washing machine, 1300 Rpm (WJP80AU0IN)","Haier 9 Kg Semi Automatic Washing Machine With Toughened Glass (HTW90-178FLN, Black)","Whirlpool 8.5 Kg Semi Automatic with Faster Drying (Ace Turbo Dry Xtraa ,Grey Dazzle)",Large Appliances,Washing Machine,mapped,Load type becomes an attribute later
Nandilath G Mart,Washing Machines,Top loading,False,42,"LG 8 Kg Star Top Load Washing Machine with Smart Inverter Motor (T80VBMB1Z, Middle Black)","LG 9Kg 5 Star Top Load Full Automatic Washing Machine, Hard Water Wash (T90KMMB3Z, Middle Black)","IFB DeepClean 9 Kg 5 Star Full Automatic Top Load Washing Machine with Eco Inverter Motor with In-Built Heater (TL-901MS2SID, Mystic Silver)",Large Appliances,Washing Machine,mapped,Load type becomes an attribute later
Nandilath G Mart,Washing Machines,Washer Dryer,False,4,"IFB 9/6/3 kg Fully Automatic Front Load Washer Dryer Refresher with Ai Dry , RPM 1400 (IFB Executive ZBN CMS, Black Hairline Finish)","Samsung 12 kg/7 kg Front Load Washer Dryer Combo, Superspeed (WD12FG5B34BB, Black)","LG 12/7Kg Fully Automatic AI Direct Drive Front Load Washer Dryer (FHD1207STB, Platinum Black)",Large Appliances,Washer Dryer,mapped,
Oxygen,Battery,,True,9,V-Guard Li Energy 1.10 100Ah Lithium Inverter Battery,V-Guard VT165 Tubular Inverter Battery,V-Guard VT220 Tubular Inverter Battery,Power & Backup,Battery,mapped,
Oxygen,Gadgets,,True,23,Redmi Buds DHR8652IN 5C ANC - Black,realmeTWS-RMA252 Buds T500 Pro ANC - Chocolate,realme TWS-RMA2415 A VOLT Buds T200 Lite TWS - Black,,,unmapped,Truly mixed bucket (earbuds etc.)
Oxygen,Inverter,,True,12,V-Guard Smart 1650 1300VA Inverter,V-Guard Smart 1350 1000VA Inverter,V-Guard Prime 1650 1400VA Inverter,Power & Backup,Inverter,mapped,
Oxygen,Kitchen Appliances,,True,38,"iBELL SM1301 Sandwich Maker 3 in 1, Detachable Plates for Toast, Waffle, Grill, 750W Toast, Grill, Waffle (Black)",Preethi Galaxy 150W 2L Stainless Steel Table Top Wet Grinder,"Blueberrys Ultra Premium 2 Liter Table Top Wet Grinder 150 Watts Heavy Duty motor with Coconut Scraper & Atta Kneader, Cherry Red",Kitchen Appliances,,parent_only,Mixed kitchen products
Oxygen,LED TV,,True,1,LG NANO 4K UHD TV | 139 cm (55) | Black | 55NU880BPLA,,,Televisions,Television,mapped,
Oxygen,Laptops,,True,37,Acer Aspire Lite UN.378SI.00J-Ryzen 7 5825U 16GB 512GB,HP HYPERX Omen 15-ga0028TX i7-14650HX 24GB 1TB RTX 5050,HP 15 i3-1315U 8GB/256GB FD0962TU,Computers,Laptop,mapped,
Oxygen,Mobiles,,True,58,"Samsung Galaxy A07 LTE (Black, 64 GB) (4 GB RAM)","vivo Y51 Pro 5G (Crimson Red, 256 GB) (8 GB RAM)","REDMI A7 Pro 5G (Black, 64 GB) (4 GB RAM)",Mobiles & Tablets,Mobile Phone,mapped,
Oxygen,Monitors,,True,5,"Samsung LS24D300GAWXXL 24"" FHD IPS Monitor 100Hz","Samsung S3 LS22D300GAWXXL 22"" FHD IPS Monitor 100Hz","FINGERS Satin-1957 20"" HD+ TN Monitor 75Hz",Computers,Monitor,mapped,
Oxygen,Printers,,True,1,HP Smart Tank 585 AIO WiFi Ink Tank Printer,,,Computers,Printer,mapped,
Oxygen,Refrigerators,,True,34,"Samsung 189 L Direct Cool Single Door 5 Star Refrigerator with Base Drawer (Elegant Inox Grey, RR21H2H25S8/HL)","Samsung 189 L, 5 Star, Digital Inverter, Direct-Cool Single Door Refrigerator (RR21H2H259R/HL, Paradise Bloom Red, Base Stand Drawer, Single Touch Defrost, 2026 Model)","Samsung 330 L 2 Star 5-in-1 Convertible Frost Free Double Door Refrigerator, RT34HG5A42S8HL, Elegant Inox",Large Appliances,Refrigerator,mapped,
Oxygen,Washing Machines,,True,27,IFB TL801EP1 8KG Top Load Washing Machine Brown,Samsung WT70C3000RR/TL 7KG Top Load Washing Machine White,Samsung WT11A4260GD/TL 11KG Top Load Washing Machine Dark Grey,Large Appliances,Washing Machine,mapped,
Pittappillil,Air Quality and Circulation,Ceiling Fan,False,42,V-GUARD CEILING FAN 1200MM HAIZE VXE IVORY,V-GUARD CEILING FAN 1200MM HAIZE VX MATT BROWN,BAJAJ CEILING FAN 1200MM CLASSICO PRO COAL MINE GREY,Air & Cooling,Ceiling Fan,mapped,
Pittappillil,Air Quality and Circulation,Cooler,False,4,COOLER BAJAJ SHIELD SERIES SKIVE NIOS 36,BAJAJ SHIELD SERIES GLANZA 40 COOLER,OPTIMA 45L DC 450 COOLER,Air & Cooling,Air Cooler,mapped,
Pittappillil,Air Quality and Circulation,Pedestal Fan,False,8,BAJAJ PEDESTAL FAN 400MM PENTAROBUSTO ICY BLUE,CROMPTON PEDESTAL FAN 400MM HIFLO WAVE PLUS KD WHITE,ATOMBERG PEDESTAL FAN 400MM RENESA SWING SNOW WHITE,Air & Cooling,Pedestal Fan,mapped,
Pittappillil,Air Quality and Circulation,Table Fan,False,2,FAN KUHL DESKTOP 165MM HAWAII SWING WHITE,BAJAJ TABLE FAN 400MM ESTEEM,,Air & Cooling,Table Fan,mapped,
Pittappillil,Air Quality and Circulation,Wall Fan,False,6,BAJAJ WALL FAN 400MM PENTAROBUSTO ICY BLUE,CROMPTON WALL FAN 400MM HIFLO WAVE PLUS KD WHITE,BAJAJ WALL FAN 400MM METALLICA BREEZE CHROME AND BLACK,Air & Cooling,Wall Fan,mapped,
Pittappillil,Home Appliances,Chest Freezers,False,7,"BLUE STAR 108 LITRE CHEST FREEZER, HT2-N130",GODREJ DH ESNCH 225D 1HCNP RW 207 LITRE CHEST FREEZER,GODREJ DH ESNCH 325D 2HCNP RW 302 LITRE CHEST FREEZER,Large Appliances,Chest Freezer,mapped,
Pittappillil,Home Appliances,Dish Washer,False,9,"BOSCH SERIES 6 FREE-STANDING 60CM DISHWASHER,SMS6IKW01I","BOSCH SERIES 6 FREE-STANDING 60CM ANTI-FINGERPRINT BRUSHED STEEL DISHWASHER,SMS6IKI01I",DISH WASHER LG DFB532FP,Kitchen Appliances,Dishwasher,mapped,
Pittappillil,Home Appliances,Refrigerator,False,81,BLUE STAR 47L 2 Star Direct Cool Single Door Refrigerator MR60-GG MINI BAR GRAPHITE-GREY,LG 43 LITRE 3 STAR DIRECT COOL GL-D0536VRSW SUPER WHITE REFRIGERATOR,"LLOYD Direct Cool 188 Litre Single Door GLDC203SLPT2LC LILLY PURPLE, Refrigerator",Large Appliances,Refrigerator,mapped,
Pittappillil,Home Appliances,Split AC,False,45,"LG 0.8 TON INVERTER SPLIT AIR CONDITIONER, AS-Q11KNVE.AMLG","KELVINATOR INV 1 TON 3 STAR KAS-V123ALSC6, AIR CONDITIONER","SPLIT AIR CONDITIONER HISENSE INVERTER 1.5 TON 3 STAR, AS18TR4R3AK1",Air & Cooling,Air Conditioner,mapped,
Pittappillil,Home Appliances,Television,False,69,"IMPEX 32 INCH LED TV, GLORIA 32N2L3P1","IBELL 80cm (32 Inches) HD Ready Smart LED TV, LES325SE","VZY DISHTV 32 INCH SMART LED TV, A32HDLG5X",Televisions,Television,mapped,
Pittappillil,Home Appliances,Washer Dryers/Dryers,False,1,DRYER BOSCH 9.0KG WPG24108IN,,,Large Appliances,Washer Dryer,mapped,Only 1 record; may mix dryers and washer-dryers
Pittappillil,Home Appliances,Washing Machines,False,113,"KELVINATOR 7 KG SEMI AUTOMATIC TOP LOAD WASHING MACHINE, KWS-N70ERSKD",Washing Machine Whirlpool Semi Automatic 7.0KG ACE SUP SOAK GREY (5YR),"LLOYD 7.0KG SEMI AUTOMATIC TOP LOAD WASHING MACHINE, GLWS705ARDVG",Large Appliances,Washing Machine,mapped,
Pittappillil,Home Audio,Home Theatre,False,2,HOME THEATRE SONY HT-S20R,SONY HT-S40R HOME THEATRE,,Home Audio,Home Theater,mapped,
Pittappillil,Home Audio,Sound Bar,False,5,"Panasonic SC-HTS160GWK 160 W Bluetooth Soundbar (Black, 2.1 Channel)",SPEAKER SOUNDBAR IMPEX TB 447,"Impex TB 445 100W Soundbar With Subwoofer, Bluetooth 5.3, Multiple Inputs, Wall Mountable - Black",Home Audio,Soundbar,mapped,
Pittappillil,Kitchen Appliances,Air Fryer,False,25,AIRFRYER IBELL IBL AF 420DM 4.2L DIGITAL,AIRFRYER PIGEON HEALTHIFRY PLUS 4.2L DIGITAL-16232,AIRFRYER GREENCHEF DIGITAL 4.2L FRIZZLE,Kitchen Appliances,Air Fryer,mapped,
Pittappillil,Kitchen Appliances,Barbeque,False,1,OPTIMA BBQ GRILL GR 1750,,,Other Kitchen & Home,Other Kitchen & Home,mapped,"Non-kitchen-appliance item, per decision"
Pittappillil,Kitchen Appliances,Biriyani Pot,False,12,PIGEON NONSTICK 500 BIRIYANI POT,NOLTA ALU NON STICK POPULAR F-24CM BIRIYANI POT,BIRIYANI POT OPTIMA NS BP60 06L W/SS LID,Other Kitchen & Home,Other Kitchen & Home,mapped,"Non-kitchen-appliance item, per decision"
Pittappillil,Kitchen Appliances,Casserole,False,13,NOLTA SS SONATA 1500ML CASSEROLE,GREENCHEF SS 2500ML CASSEROLE,CASSEROLE OPTIMA SS 2500 CSR 250,Other Kitchen & Home,Other Kitchen & Home,mapped,"Non-kitchen-appliance item, per decision"
Pittappillil,Kitchen Appliances,Chimney & Hob,False,54,Chimney ELICA GLACE SF ETB PLUS LTW NERO PB LED 60CM,CHIMNEY FABER FLORENCE FL SC AC BK 60,CHIMNEY FABER ACE PRO IN 3D HC PB FL BK 60,Kitchen Appliances,,parent_only,Mixes chimneys and hobs; names could split later
Pittappillil,Kitchen Appliances,Cloth Dryer,False,3,CLOTH DRYER STAND OPTIMA CD301,CLOTH DRYER STAND OPTIMA CD302 MINI,CLOTH DRYER STAND OPTIMA CD303ML LOTUS,Other Kitchen & Home,Other Kitchen & Home,mapped,"Non-kitchen-appliance item, per decision"
Pittappillil,Kitchen Appliances,Cooking Range,False,1,COOKING RANGE FABER FCR 53L 4B CIR,,,Kitchen Appliances,Cooking Range,mapped,
Pittappillil,Kitchen Appliances,Cookware Set,False,7,GREENCHEF NS CANVAS IB KTF COOKWARE SET,BUTTERFLY TRIPLY TEZ TOPE WITH LID 4.5/24CM COOKWARE,IMPEX ROYAL NON STICK GRANITE 4PCS RKTF24G COOKWARE SET,Other Kitchen & Home,Other Kitchen & Home,mapped,"Non-kitchen-appliance item, per decision"
Pittappillil,Kitchen Appliances,Electric Kettle,False,17,KETTLE OPTIMA GK100 GLASS 1 LITER,KETTLE OPTIMA GK150 GLASS 1.5 LITER,KETTLE OPTIMA GK180 GLASS 1.8 LITER,Kitchen Appliances,Electric Kettle,mapped,
Pittappillil,Kitchen Appliances,Emergency Light,False,1,IBELL EMERGENCY LIGHT EL8428 SL,,,Other Kitchen & Home,Other Kitchen & Home,mapped,"Non-kitchen-appliance item, per decision"
Pittappillil,Kitchen Appliances,Food Processor,False,2,USHA I CHEF FOOD PROCESSOR 800 W Food Processor,BUTTERFLY FOOD PROCESSOR ELEKTRA-1 HP BLACK,,Kitchen Appliances,Food Processor,mapped,
Pittappillil,Kitchen Appliances,Gas Stove,False,57,LPG GREENCHEF SS 2B DELTA,LPG BAJAJ SS 2B POPULAR- ECO,LPG BUTTERFLY SS 2B RHINO,Kitchen Appliances,Gas Stove,mapped,
Pittappillil,Kitchen Appliances,Home Inverters & Batteries,False,12,INVERTER V-GUARD PRIME 1250,INVERTER V-GUARD PRIME 1550,INVERTER V-GUARD SMART 1100,Power & Backup,,parent_only,Mixes inverters and batteries
Pittappillil,Kitchen Appliances,Induction Cooker,False,11,INDUCTION COOKER PRESTIGE COOK TOP PIC 20.0(41935),GREENCHEF EMBER INDUCTION COOKER,BAJAJ ICX 120TS INDUCTION COOKER,Kitchen Appliances,Induction Cooker,mapped,
Pittappillil,Kitchen Appliances,Iron Box,False,25,IRON BOX BAJAJ NEW POPULAR 1000W,IRON BOX USHA EI TEFLON AU1000WD AURORA,IRON BOX CROMPTON ACGEI-BRIO 1000W,Home Appliances,Iron,mapped,
Pittappillil,Kitchen Appliances,Ironing Board,False,3,IRONING BOARD OPTIMA IB24,IRONING BOARD OPTIMA IB25,IRONING BOARD OPTIMA IB28,Other Kitchen & Home,Other Kitchen & Home,mapped,"Non-kitchen-appliance item, per decision"
Pittappillil,Kitchen Appliances,Microwave Oven,False,19,Microwave Oven PANASONIC 20L SOLO NN-SM255WFDG,MICROWAVE OVEN GODREJ 20L SOLO GMX 20SA2 BLM BLACK,HAIER 20L SOLO MICROWAVE OVEN HIL2002MFPH,Kitchen Appliances,Microwave Oven,mapped,
Pittappillil,Kitchen Appliances,Mixer Grinders,False,78,SPICE GRIDER OPTIMA CG 150,"OPTIMA NUTRI MIXER 6 PCS, MIXER GRINDER",CROMPTON NUTRI MIXER AMEO BL 400 MIXER GRINDER,Kitchen Appliances,Mixer Grinder,mapped,Sample looks like a spice grinder; check
Pittappillil,Kitchen Appliances,Noodle Maker,False,1,NOODLE MAKER IBELL IBL LOOM 500,,,Kitchen Appliances,Noodle Maker,mapped,
Pittappillil,Kitchen Appliances,Oven Toaster Grills,False,4,FABER 60L BK,OTG MORPHY 54RCSS DEHYDRO,OTG MORPHY 60L SS 60RC,Kitchen Appliances,Oven Toaster Grill,mapped,
Pittappillil,Kitchen Appliances,Pressure Cooker,False,16,Pressure Cooker GREENCHEF 3L AL NAMO,Pressure Cooker GREENCHEF 3L SS CLASSIC,PRESSURE COOKER OPTIMA 3L SS SPC 300,Other Kitchen & Home,Other Kitchen & Home,mapped,"Non-kitchen-appliance item, per decision"
Pittappillil,Kitchen Appliances,Rice Cooker,False,2,RICE COOKER OPTIMA SS 1.0KG TRC 100,RICE COOKER OPTIMA SS 1.5KG TRC 150,,Kitchen Appliances,Rice Cooker,mapped,
Pittappillil,Kitchen Appliances,Soda Maker,False,4,SODA MAKER MR.BUTLERS ITALIA ORANGE,SODA MAKER MR.BUTLERS ITALIA WHITE,SODA MAKER MR.BUTLERS ITALIA BLUE,Kitchen Appliances,Soda Maker,mapped,
Pittappillil,Kitchen Appliances,Vacuum Cleaners,False,13,VCM CLNR FORBES SUPER CLEAN,Vaccum Cleaner OPTIMA VC1400,FORBES SWIFT CLEAN,Home Appliances,Vacuum Cleaner,mapped,
Pittappillil,Kitchen Appliances,Voltage Stabilizer,False,25,STABILIZER V-GUARD VGS50,STBLZR V-GUARD VG50,STBLZR V-GUARD VGSD50,Power & Backup,Voltage Stabilizer,mapped,
Pittappillil,Kitchen Appliances,Water Cooler,False,1,WATER COOLER BLUE STAR CW2040,,,Home Appliances,Water Dispenser,mapped,
Pittappillil,Kitchen Appliances,Water Dispenser,False,2,Water Dispenser BLUE STAR BWD3FMGA,Water Dispenser BLUE STAR BWD3FMCGA,,Home Appliances,Water Dispenser,mapped,
Pittappillil,Kitchen Appliances,Water Heater,False,25,Water Heater BAJAJ 03L AQUAQUICK INSTANT,CROMPTON 03L HYDRAJET 3KW WATER HEATER,WATER HEATER CROMPTON 03L SOLNEO 3KW,Home Appliances,Water Heater,mapped,
Pittappillil,Kitchen Appliances,Water Purifier,False,6,Water Purifier AQUANEETA INTELIA RO+UF,WATER PURIFIER EFORBES AQUAGUARD SLIM GLASS UV BAR LINE,WATER PURIFIER EFORBES AQUAGUARD SLIM GLASS UV STORAGE,Home Appliances,Water Purifier,mapped,
Pittappillil,Kitchen Appliances,Wet Grinder,False,6,GRINDER BUTTERFLY FLORA PLUS 2.0LTRS TTWG CHERRY RED,GRINDER ELGI ULTRA 1.25L MINI 230V,GRINDER PANASONIC 2.0L MK-GW200PLW,Kitchen Appliances,Wet Grinder,mapped,
Pittappillil,"Mobiles, Laptops and More",Laptops,False,6,HP 15 FD0962TU LAPTOP INTEL CORE I3 13TH GEN 8GB RAM 256GB SSD WINDOWS 11 MS OFFICE 15.6 INCH,ACER ASPIRE 3 A325-53 LAPTOP CORE I5 13TH GEN 8GB RAM 512GB SSD WINDOWS 11 15.6 INCH,HP 15 FD0624TU LAPTOP INTEL CORE I3 1315U 8GB RAM 512GB SSD WINDOWS 11,Computers,Laptop,mapped,
Pittappillil,"Mobiles, Laptops and More",Mobile Accessories,False,3,Inbase Torque Bluetooth Party Speaker With Led 8 Watts,MOBILLA EAR BUDS MBUDS 151,MOBILLA EAR BUDS MBUDS 521,Accessories,,parent_only,Sample is a bluetooth speaker; may be misfiled
Pittappillil,"Mobiles, Laptops and More",Mobile Phones,False,28,MOTOROLA SMART G06 POWER 4G (4+64GB) PANTONE LAUREL OAK,SAMSUNG GALAXY A06 5G 4GB RAM 64GB STORAGE LIGHT GREEN MOBILE PHONE,SAMSUNG GALAXY A06 5G 4GB RAM 64GB STORAGE LIGHT GRAY MOBILE PHONE,Mobiles & Tablets,Mobile Phone,mapped,
Pittappillil,"Mobiles, Laptops and More",Smart Watch,False,1,BOAT SMART WATCH WAVE ASTRA 3 ACTIVE BLACK,,,Wearables,Smart Watch,mapped,
myG,Accessories,,True,108,HP 886C USB 3.2 Otg Flash Drive New | 128 GB,Lenovo Yoga Bluetooth Silent Mouse | Seashell,Fujifilm Instax Square SQ1 Instant Camera | Glacier Blue,Accessories,,parent_only,
myG,Air Conditioners,,True,108,Hitachi Inverter Split AC | 1.5 Ton | 5 Star | White | Yoshi 5500STXL | RAS V518PCDIST,Lloyd Inverter Split AC | 6 in 1 Convertible | 1.5 Ton | 3 Star | 2026 Model | GLS18I3ASJSW,Panasonic Inverter Split AC | 1 Ton | 3 Star | White | CS-EU12CKY3F,Air & Cooling,Air Conditioner,mapped,
myG,Home & Kitchen,,True,108,Wonderchef Crescent Travel Electric Kettle | 400ml | White,Haier Single Door Convertible Deep Freezer | White | 230L | HFC-230SPW4,Prabha Stainless Steel Marvel Isha Water Jug | 1700 ml | Silver,,,unmapped,Truly mixed bucket
myG,Home Automation,,True,23,The Lockify Z17 R | fingerprint | NFC smart card | LFY-Z17,Epson Projector EB-E12 | White,CP PLUS EZYKAM 3MP 4G Outdoor CCTV Camera | White | EZ-R33T,Home Automation,,parent_only,
myG,Mobiles,,True,108,Vivo Y31 5G | 6 GB | 256 GB | Blush Red,vivo Y31t 5G | 4 GB | 128GB | Crimson Red,vivo Y31t 5G | 4 GB | 128GB | Golden Mist,Mobiles & Tablets,Mobile Phone,mapped,Includes feature phones
myG,Personal Care,,True,108,Geepas Hair Clipper | Cord and Cordless Design | GTR57525ID,Havells Menzo Body Groomer | Black | BG5555,Havells Beard Trimmer | Black | BT4441,Personal Care,,parent_only,
myG,Refrigerators,,True,108,Haier Frost Free Side by Side Refrigerator | 598 L | 3 Star | Pearl White Glass | HRT-683PWGU1,LG Frost Free Double Door Refrigerator | 225 L | 1 Star | Dazzle Steel | GLT2216WYDS,Haier Single Door Refrigerator | 190 L | 5 Star | Wave Glass | HRD-2115PWGA-N,Large Appliances,Refrigerator,mapped,
myG,Small Appliances,,True,108,Toxen Star Voltage Stabilizer For LED TV | Up to 43 Inch | Black,Geepas Cordless and Rechargeable Vacuum Cleaner | GVC19066ID,Aquaguard Enrich Neo RO UV 2X + 2ALK B Water Purifier | Black,,,unmapped,Truly mixed; sample is a TV stabilizer
myG,TV,,True,108,Samsung Ultra HD Mini LED 4K Samsung Vision AI Smart TV | 189 Cm ( 75 Inch ) | 2026 Model | Black | UA75M80HAULXL,LG 4K Ultra HD Smart OLED evo TV | 139 cm (55 inch) | 2026 | OLED55C6PLA,Samsung 4K Ultra HD Mini LED Smart TV | 108 Cm ( 43 Inch ) | 2026 Model | Black | UA43M71HAULXL,Televisions,Television,mapped,
myG,Tablets,,True,108,Lenovo Idea Tab 5G | 8 GB | 256 GB | Luna Grey | ZAFM0708IN,Lenovo Yoga Tab Plus WiFi Android Tablet | 16 GB | 512 GB | Tidal Teal | ZAEG0048IN,Apple iPad Pro 2025 | Wifi | 13 Inch (33.02 cm) | 256GB | Silver | MDYK4HN/A | NM,Mobiles & Tablets,Tablet,mapped,
myG,Washing Machines,,True,108,Electrolux Fully Automatic Front Load Washing Machine | 9 kg | 5 Star | White | EWF9024D3WB,LG Fully Automatic Front Load Washer Dryer | 13/10kg | 5 Star | Platinum Black | FWT1310PB,Samsung Front load Washing Machine | 12 kg | 5 Star | Black | WW12DB8B54GBTL,Large Appliances,Washing Machine,mapped,
